<?xml version="1.0" encoding="utf-8"?>
<mosinstall type="component">
  <name>JomComment</name>
  <creationDate>2007-07-26</creationDate>
  <author>Azrul</author>
  <copyright>Copyright 2006 by Azrul Rahim. All rights reserved!</copyright>
  <authorEmail>azrul@pocketcraft.com</authorEmail>
  <authorUrl>http://www.azrul.com</authorUrl>
  <version>1.8.9 Build 126</version>
  <scoutProject>Jom Comment</scoutProject>
  <description>Jom Comment is an advance joomla comment system</description>
  <files>
    <filename>admin.zip</filename>
    <filename>sys.zip</filename>
    <filename>com.zip</filename>
    <filename>bot.zip</filename>
    <filename>azrul.zip</filename>
  </files>
  <install>
    <queries>
      <query>
        CREATE TABLE IF NOT EXISTS `#__jomcomment` (
          `id` int(10) NOT NULL auto_increment,
          `parentid` int(10) NOT NULL default '0',
          `status` int(10) NOT NULL default '0',
          `contentid` int(10) NOT NULL default '0',
          `ip` varchar(15) NOT NULL default '',
          `name` varchar(255) NOT NULL default '',
          `title` varchar(200) NOT NULL default '',
          `comment` text NOT NULL,
          `date` datetime NOT NULL default '0000-00-00 00:00:00',
          `published` tinyint(1) NOT NULL default '0',
          `ordering` int(11) NOT NULL default '0',
          `email` varchar(100) NOT NULL default '',
          `website` varchar(100) NOT NULL default '',
          `updateme` smallint(5) unsigned NOT NULL default '0',
          `custom1` varchar(200) NOT NULL default '',
          `custom2` varchar(200) NOT NULL default '',
          `custom3` varchar(200) NOT NULL default '',
          `custom4` varchar(200) NOT NULL default '',
          `custom5` varchar(200) NOT NULL default '',
          `star` tinyint(3) unsigned NOT NULL default '0',
          `user_id` int(10) unsigned NOT NULL default '0',
          `option` varchar(50) NOT NULL default 'com_content',
          PRIMARY KEY  (`id`)
        ) TYPE=MyISAM;
      </query>
      <query>
        CREATE TABLE IF NOT EXISTS `#__captcha_session` (
          `id` INTEGER UNSIGNED NOT NULL AUTO_INCREMENT,
          `sessionid` VARCHAR(64) NOT NULL DEFAULT '',
          `password` VARCHAR(8) NOT NULL DEFAULT '',
          `date` datetime NOT NULL default '0000-00-00 00:00:00',
          PRIMARY KEY(`id`)
        )
        TYPE = MYISAM;
      </query>
      <query>
        CREATE TABLE  IF NOT EXISTS `#__jomcomment_config` (
          `name` VARCHAR(64) NOT NULL DEFAULT '',
          `value` TEXT NOT NULL DEFAULT '',
          PRIMARY KEY(`name`)
        )
        TYPE = MYISAM;
        </query>
        <query>
        CREATE TABLE  IF NOT EXISTS `#__jomcomment_admin` (
          `sid` VARCHAR(128) NOT NULL DEFAULT '',
          `commentid` int(10) NOT NULL default '0',
          `action` VARCHAR(128) NOT NULL DEFAULT '',
          `date` datetime NOT NULL default '0000-00-00 00:00:00',
          PRIMARY KEY(`sid`)
        )
        TYPE = MYISAM;
        </query>
        <query>
        CREATE TABLE IF NOT EXISTS `#__jomcomment_tb` (
		  `id` INTEGER UNSIGNED NOT NULL  AUTO_INCREMENT,
		  `contentid` INTEGER UNSIGNED NOT NULL DEFAULT 0,
		  `ip` VARCHAR(18) NOT NULL DEFAULT '',
		  `date` datetime NOT NULL default '0000-00-00 00:00:00',
		  `title` TEXT NOT NULL DEFAULT '',
		  `excerpt` TEXT NOT NULL DEFAULT '',
		  `url` TEXT NOT NULL DEFAULT '',
		  `blog_name` TEXT NOT NULL DEFAULT '',
		  `charset` VARCHAR(45) NOT NULL DEFAULT '',
		  `published` TINYINT UNSIGNED NOT NULL DEFAULT 0,
		  `option` VARCHAR(64) NOT NULL DEFAULT '',
		  PRIMARY KEY(`id`)
		)
		TYPE = MYISAM;
        </query>
        <query>
        CREATE TABLE  IF NOT EXISTS  `#__jomcomment_tb_sent` (
			`id` INT NOT NULL AUTO_INCREMENT PRIMARY KEY ,
			`url` VARCHAR( 200 ) NOT NULL ,
			`contentid` INT NOT NULL,
			UNIQUE (
				`url`
				)
			) TYPE = MYISAM ;
        </query>
        <query>
        CREATE TABLE IF NOT EXISTS `#__jomcomment_mailq` (
			`email` VARCHAR( 200 ) NOT NULL ,
			`status` TINYINT NOT NULL DEFAULT '0',
			`title` VARCHAR( 200 ) NOT NULL ,
			`name` VARCHAR( 200 ) NOT NULL ,
			`content` TEXT NOT NULL ,
			`posted_on` DATETIME NOT NULL ,
			INDEX ( `status` )
		) TYPE = MYISAM ;

        </query>
    </queries>
  </install>
  <uninstall>
    <queries>
    </queries>
  </uninstall>
    <installfile>install.jomcomment.php</installfile>
    <uninstallfile>uninstall.jomcomment.php</uninstallfile>
  <administration>
    <menu>Jom Comment</menu>
    <files>
      <filename>install.jomcomment.php</filename>
      <filename>uninstall.jomcomment.php</filename>
    </files>
</administration>
</mosinstall>

